Batch,Retrieved?,Link,Channel,Gender,Country/region,Comment
1,Y,https://www.youtube.com/user/caseyneistat/videos,Casey Neistat,male,USA,
1,Y,https://www.youtube.com/user/RomanAtwoodVlogs/videos,Roman Atwood Vlogs,male,USA,
1,Y,https://www.youtube.com/channel/UCG8rbF3g2AMX70yOd8vqIZg/videos,Logan Paul Vlogs,male,USA,
1,Y,https://www.youtube.com/channel/UCmh5gdwCx6lN7gEC20leNVA/videos,David Dobrik,male,USA,
1,Y,https://www.youtube.com/channel/UCWwWOFsW68TqXE-HZLC3WIA/videos,The ACE family,family,USA,
1,Y,https://www.youtube.com/user/Bratayley/videos,Bratayley,family,USA,
1,Y,https://www.youtube.com/channel/UC_hoQDD6zKcIqpIYLsFbBeA/videos,MoVlogs,male,Dubai,
1,Y,https://www.youtube.com/user/ASAvlogs/videos,Adam Saleh,male,USA,
1,Y,https://www.youtube.com/user/SyndicateCentral/videos,LifeofTom,male,UK,
1,Y,https://www.youtube.com/user/samuel8955/videos,Sam and Nia,family,USA,
1,Y,https://www.youtube.com/channel/UCopNpXKBx_M48AiJjn20dhg/videos,Jess and Gabriel,family,USA,
1,Y,https://www.youtube.com/user/MoreMarcus/videos,Just Marcus,male,UK,
2,Y,https://www.youtube.com/user/KidBehindACamera/videos,Kid Behind A Camera,male,USA,
2,Y, https://www.youtube.com/user/VitalyzdTvSecond/videos,Vitalyzd Tv Second,male,USA,
2,Y,https://www.youtube.com/channel/UC1bMs87K1YPMcs8Wb5L0ndw/videos,Dwarf Mamba,male,USA,
2,Y,https://www.youtube.com/user/FunForLouis/videos,Fun for Louis,male,UK,
2,Y,https://www.youtube.com/channel/UCiIFLzjBUX5WpkVqVDVWMTQ/videos,Zane Hijazi,male,USA,
2,Y,https://www.youtube.com/channel/UCsRgkVhvNauSgwiGagws_gw/videos,The 2x family,family,USA,
2,Y,https://www.youtube.com/user/LeFloofTV/videos,SacconeJolys,family,USA,
2,Y,https://www.youtube.com/user/ryanadams7/videos,Ryland Adams,male,USA,
2,Y,https://www.youtube.com/user/morezoella,morezoella,female,UK,
2,Y,https://www.youtube.com/user/vlogbby11/videos,AlishaMarieVlogs,female,USA,
2,Y,https://www.youtube.com/channel/UCGsR5CVHh_T4nMLiKhfV7qg/videos,Queen Naija,female,USA,
2,Y,https://www.youtube.com/user/1jessalynn/videos,Jojo Siwa Vlogs,female,USA,
2,Y,https://www.youtube.com/user/familyfunpack/videos,Family Fun pack,family,USA,
3,Y,https://www.youtube.com/channel/UCsaOzYsyshyrYL4SHCTI8xw/videos,Ryan's family review,family,USA,
3,Y,https://www.youtube.com/user/AndrewSchrock/videos,Andrew Schrock,male,USA,
3,Y,https://www.youtube.com/user/jhousevlogs/videos,J House vlogs,family,USA,
3,Y,https://www.youtube.com/user/edgarmcsteelpotco/videos,Tanner Braungardt,male,USA,
3,Y,https://www.youtube.com/user/itsJudysLife/videos,It's Judys life,female,USA,
3,Y,https://www.youtube.com/user/stylebyellie/videos,Ellie and Jared,family,USA,
3,Y,https://www.youtube.com/user/MoreJStu/videos,More J Stu,male,USA,
3,Y,https://www.youtube.com/user/bonniehoellein/videos,Bonnie Hoellein,family,USA,
3,Y,https://www.youtube.com/user/dailyBUMPS/videos,Daily Bumps,family,USA,
3,Y,https://www.youtube.com/user/MoreTDM/videos,More TDM,male,USA,
3,Y,https://www.youtube.com/channel/UCvtRTOMP2TqYqu51xNrqAzg/videos,Brawadis,male,USA,
3,Y,https://www.youtube.com/user/SuperwomanVlogs/videos,SuperWomanVlogs,female,USA,